,Male,Female,Other
No. Players,484.0,81.0,11.0
% Players,84.02777777777779,14.0625,1.9097222222222223
No. Sales,652.0,113.0,15.0
$ Total,1967.64,361.94,50.19
$ Average Sale,3.0178527607361967,3.203008849557522,3.3459999999999996
